ENGLISH,TAMIL
ability,திறன்
able,முடியும்
abortion,கருக்கலைப்பு
about,பற்றி
above,மேலே
abroad,வெளிநாட்டில்
absence,இல்லாத
absolute,அறுதி
absolutely,முற்றிலும்
absorb,உறிஞ்சி
abuse,தவறாக
academic,கல்வி
accept,ஏற்க
access,அணுகல்
accident,விபத்து
accompany,உடன்
accomplish,சாதிக்க
according,படி
account,கணக்கு
accurate,துல்லியமான
accuse,குற்றம் சாட்ட
achieve,அடைய
achievement,சாதனை
acid,அமிலம்
acknowledge,ஏற்பதன்
acquire,அக்யூர்
across,முழுவதும்
act,நாடகம்
action,நடவடிக்கை
active,செயலில்
activist,ஆர்வலர்
activity,நடவடிக்கை
actor,நடிகர்
actress,நடிகை
actual,உண்மையான
actually,உண்மையில்
ad,விளம்பரம்
adapt,ஏற்ப
add,கூட்டு
addition,கூடுதலாக
additional,கூடுதல்
address,முகவரி
adequate,போதுமான
adjust,சரி
adjustment,சரிசெய்தல்
administration,நிர்வாகம்
administrator,நிர்வாகி
admire,ரசிக்கிறது
admission,சேர்க்கை
admit,ஒப்புக்கொள்ள
adolescent,பருவ
adopt,தத்தெடுக்க
adult,வயது
advance,முன்கூட்டியே
advanced,மேம்படுத்தபட்ட
advantage,நன்மை
adventure,சாகச
advertising,விளம்பர
advice,ஆலோசனை
advise,ஆலோசனை
adviser,ஆலோசகர்
advocate,வழக்கறிஞர்
affair,விவகாரம்
affect,பாதிக்கும்
afford,வாங்க
afraid,பயம்
African,ஆப்பிரிக்க
African-American,ஆப்பிரிக்க இனம் சேர்ந்த அமெரிக்கர்
after,பிறகு
afternoon,பிற்பகல்
again,மீண்டும்
against,எதிராக
age,வயது
agency,நிறுவனம்
agenda,நிகழ்ச்சி நிரல்
agent,முகவர்
aggressive,முரட்டுத்தனமான
ago,முன்பு
agree,ஏற்கிறேன்
agreement,ஒப்பந்தம்
agricultural,விவசாய
ah,ஹா
ahead,மேலே
aid,உதவி
aide,உதவியாளருக்கு
AIDS,எய்ட்ஸ்
aim,நோக்கம்
air,விமான
aircraft,விமானம்
airline,விமான
airport,விமான நிலைய
album,ஆல்பம்
alcohol,மது
alive,உயிருடன்
all,அனைத்து
alliance,கூட்டணி
allow,அனுமதிக்க
ally,கூட்டாளியான
almost,கிட்டத்தட்ட
alone,தனியாக
along,சேர்ந்து
already,ஏற்கனவே
also,மேலும்
alter,மாற்ற
alternative,மாற்று
although,என்றாலும்
always,எப்போதும்
AM,நான்
amazing,அற்புதமான
American,அமெரிக்க
among,மத்தியில்
amount,அளவு
analysis,ஆய்வு
analyst,ஆய்வாளர்
analyze,ஆய்வு
ancient,பண்டைய
and,மற்றும்
anger,கோபம்
angle,கோணம்
angry,கோபம்
animal,கால்நடை
anniversary,ஆண்டு
announce,அறிவிக்க
annual,வருடாந்திர
another,மற்றொரு
answer,பதில்
anticipate,எதிர்பார்க்கின்றனர்
anxiety,பதட்டம்
any,எந்த
anybody,யாரையும்
anymore,இனி
anyone,யாரையும்
anything,எதுவும்
anyway,எப்படியும்
anywhere,எங்கும்
apart,தவிர
apartment,அடுக்குமாடி இல்லங்கள்
apparent,வெளிப்படையான
apparently,வெளிப்படையாக
appeal,முறையீடு
appear,தோன்றும்
appearance,தோற்றம்
apple,ஆப்பிள்
application,விண்ணப்பம்
apply,விண்ணப்பிக்க
appoint,நியமிக்க
appointment,நியமனம்
appreciate,பாராட்ட
approach,அணுகுமுறை
appropriate,பொருத்தமான
approval,ஒப்புதல்
approve,ஒப்புதல்
approximately,சுமார்
Arab,அரபு
architect,கட்டட வடிவமைப்பாளர்
area,பகுதியில்
argue,வாதிடுகின்றனர்
argument,வாதம்
arise,எழுகின்றன
arm,கை
armed,ஆயுதங்கள்
army,இராணுவம்
around,சுற்றி
arrange,ஏற்பாடு
arrangement,ஏற்பாடு
arrest,கைது
arrival,வருகையை
arrive,வரும்
art,கலை
article,கட்டுரை
artist,கலைஞர்
artistic,கலை
as,போன்ற
Asian,ஆசிய
aside,ஒதுக்கி
ask,கேட்க
asleep,தூங்கும்
aspect,அம்சம்
assault,தாக்குதல்
assert,வலியுறுத்தும்
assess,மதிப்பீடு
assessment,மதிப்பீடு
asset,சொத்து
assign,ஒதுக்க
assignment,வேலையை
assist,உதவு
assistance,உதவி
assistant,உதவியாளர்
associate,இணை
association,சங்கம்
assume,கருதுவது
assumption,அனுமானம்
assure,உறுதி
at,மணிக்கு
athlete,தடகள
athletic,தடகள
atmosphere,வளிமண்டலத்தில்
attach,இணைக்கவும்
attack,தாக்குதல்
attempt,முயற்சிக்கும்
attend,இக் கூட்டத்திற்கு
attention,கவனம்
attitude,அணுகுமுறை
attorney,வழக்கறிஞர்
attract,ஈர்க்க
attractive,கவர்ச்சிகரமான
attribute,பண்பு
audience,பார்வையாளர்களை
author,நூலாசிரியர்
authority,அதிகாரம்
auto,கார்
available,கிடைக்கும்
average,சராசரி
avoid,தவிர்க்க
award,விருது
aware,விழிப்புடன்
awareness,விழிப்புணர்வு
away,விட்டு
awful,மோசமான
baby,குழந்தை
back,மீண்டும்
background,பின்னணி
bad,கெட்ட
badly,மோசமாக
bag,பையில்
bake,ரொட்டி சுடுவது
balance,சமநிலை
ball,பந்து
ban,தடை
band,இசைக்குழு
bank,வங்கி
bar,மதுக்கூடம்
barely,அரிதாகவே
barrel,பீப்பாய்
barrier,தடை
base,அடித்தளம்
baseball,பேஸ்பால்
basic,அடிப்படை
basically,அடிப்படையில்
basis,அடிப்படையில்
basket,கூடை
basketball,கூடைப்பந்து
bathroom,குளியலறையில்
battery,மின்கலம்
battle,போர்
be,இரு
beach,கடற்கரை
bean,பீன்
bear,தாங்க
beat,அடி
beautiful,அழகு
beauty,அழகு
because,ஏனெனில்
become,ஆக
bed,படுக்கையில்
bedroom,படுக்கையறை
beer,பீர்
before,முன்
begin,தொடங்கும்
beginning,தொடக்கத்தில்
behavior,நடத்தை
behind,பின்னால்
being,இருப்பு
belief,நம்பிக்கை
believe,நம்பிக்கை
bell,மணி
belong,உரியதாகும்
below,கீழே
belt,பெல்ட்
bench,பெஞ்ச்
bend,வளைவு
beneath,கீழே
benefit,நன்மை
beside,அருகில்
besides,தவிர
best,சிறந்த
bet,பந்தயம்
better,சிறந்த
between,இடையே
beyond,அப்பால்
Bible,திருவிவிலியம்
big,பெரிய
bike,உந்துஉருளி
bill,ர சி து
billion,பில்லியன்
bind,கட்டுதல்
biological,உயிரியல்
bird,பறவை
birth,பிறந்த
birthday,பிறந்த நாள்
bit,பிட்
bite,கடிக்க
black,கருப்பு
blade,கத்தி
blame,பழி
blanket,போர்வை
blind,குருட்டு
block,தொகுதி
blood,இரத்தம்
blow,அடி
blue,நீல
board,குழு
boat,படகு
body,உடல்
bomb,குண்டு
bombing,குண்டு
bond,பத்திரம்
bone,எலும்பு
book,நூல்
boom,பூம்
boot,துவக்க
border,எல்லை
born,பிறந்த
borrow,கடன்
boss,முதலாளி
both,இருவரும்
bother,தொந்தரவு
bottle,பாட்டில்
bottom,கீழே
boundary,எல்லை
bowl,கிண்ணத்தில்
box,பெட்டி
boy,சிறுவன்
boyfriend,காதலன்
brain,மூளை
branch,கிளை
brand,பிராண்ட்
bread,ரொட்டி
break,இடைவெளி
breakfast,காலை
breast,மார்பக
breath,மூச்சு
breathe,மூச்சு
brick,செங்கல்
bridge,பாலம்
brief,சுருக்கமான
briefly,சுருக்கமாக
bright,பிரகாசமான
brilliant,புத்திசாலித்தனமான
bring,கொண்டு
British,பிரிட்டிஷ்
broad,பரந்த
broken,உடைந்த
brother,சகோதரன்
brown,பழுப்பு
brush,தூரிகை
buck,பக்
budget,பட்ஜெட்
build,உருவாக்க
building,கட்டிடம்
bullet,புல்லட்
bunch,கொத்து
burden,சுமை
burn,எரிக்க
bury,அடக்கம்
bus,பேருந்து
business,வணிக
busy,பரபரப்பு
but,ஆனாலும்
butter,வெண்ணெய்
button,பொத்தானை
buy,வாங்க
buyer,வாங்குபவர்
by,மூலம்
cabin,கேபின்
cabinet,மந்திரி சபை
cable,கேபிள்
cake,கேக்
calculate,கணிப்பது
call,அழைப்பு
camera,புகைப்பட கருவி
camp,முகாம்
campaign,பிரச்சாரம்
campus,வளாகத்தில்
can,முடியும்
Canadian,கனடிய
cancer,புற்றுநோய்
candidate,வேட்பாளர்
cap,தொப்பி
capability,திறன்
capable,திறன்
capacity,திறன்
capital,தலைநகர்
captain,கேப்டன்
capture,பிடிப்பு
car,கார்
carbon,கார்பன்
card,அட்டை
care,பராமரிப்பு
career,வாழ்க்கை
careful,கவனமாக
carefully,கவனமாக
carrier,கேரியர்
carry,கேரி
case,வழக்கு
cash,பணம்
cast,நடிகர்கள்
cat,பூனை
catch,பிடி
category,வகை
Catholic,கத்தோலிக்க
cause,காரணம்
ceiling,உச்சவரம்பு
celebrate,கொண்டாட
celebration,கொண்டாட்டம்
celebrity,பிரபல
cell,செல்
center,சென்டர்
central,மத்திய
century,நூற்றாண்டு
CEO,தலைமை நிர்வாக அதிகாரி
ceremony,விழா
certain,சில
certainly,நிச்சயமாக
chain,சங்கிலி
chair,நாற்காலி
chairman,தலைவர்
challenge,சவால்
chamber,அறை
champion,சாம்பியன்
championship,சாம்பியன்ஷிப்
chance,வாய்ப்பு
change,மாற்றம்
changing,மாறிவரும்
channel,சேனல்
chapter,அத்தியாயம்
character,பாத்திரம்
characteristic,பண்பு
characterize,குணாதிசயம்
charge,கட்டணம்
charity,தொண்டு
chart,விளக்கப்படம்
chase,துரத்தல்
cheap,மலிவான
check,காசோலை
cheek,கன்னத்தில்
cheese,பாலாடைக்கட்டி
chef,சமையல்காரர்
chemical,இரசாயன
chest,மார்பு
chicken,கோழி
chief,தலைமை
child,குழந்தை
childhood,குழந்தை பருவத்தில்
Chinese,சீன
chip,சிப்
chocolate,சாக்லேட்
choice,தேர்வு
cholesterol,கொழுப்பு
choose,தேர்வு
Christian,கிறிஸ்துவர்
Christmas,கிறிஸ்துமஸ்
church,தேவாலயத்தில்
cigarette,சிகரெட்
circle,வட்டம்
circumstance,சூழ்நிலையிலும்
cite,மேற்கோள்
citizen,குடிமகன்
city,நகரம்
civil,சிவில்
civilian,சிவிலியன்
claim,கூற்றை
class,வர்க்கம்
classic,செந்தரம்
classroom,வகுப்பறை
clean,சுத்தமான
clear,தெளிவான
clearly,தெளிவாக
client,வாடிக்கையாளர்
climate,காலநிலை
climb,ஏற
clinic,சிகிச்சையகம்
clinical,மருத்துவ
clock,கடிகாரம்
close,நெருக்கமான
closely,நெருக்கமாக
closer,நெருக்கமான
clothes,ஆடைகள்
clothing,ஆடை
cloud,மேகம்
club,சங்கம்
clue,துப்பு
cluster,கொத்து
coach,பயிற்சியாளர்
coal,நிலக்கரி
coalition,கூட்டணி
coast,கடற்கரையில்
coat,கோட்
code,குறியீடு
coffee,கொட்டைவடி நீர்
cognitive,அறிவாற்றல்
cold,குளிர்
collapse,சரிவு
colleague,சக
collect,திரட்டுதல்
collection,சேகரிப்பு
collective,கூட்டு
college,கல்லூரி
colonial,காலனித்துவ
color,நிறம்
column,பத்தியில்
combination,சேர்க்கையை
combine,இணைக்க
come,வந்து
comedy,நகைச்சுவை
comfort,ஆறுதல்
comfortable,வசதியாக
command,கட்டளை
commander,தளபதி
comment,கருத்து
commercial,வணிக
commission,தரகு
commit,செய்து
commitment,அர்ப்பணிப்பு
committee,குழு
common,பொதுவான
communicate,தொடர்பு
communication,தொடர்பு
community,சமூக
company,நிறுவனம்
compare,ஒப்பிட்டு
comparison,ஒப்பீடு
compete,போட்டியிட
competition,போட்டி
competitive,போட்டி
competitor,போட்டியாளர்
complain,புகார்
complaint,புகார்
complete,முழுமை
completely,முற்றிலும்
complex,சிக்கலான
complicated,சிக்கலாக
component,கூறு
compose,எழுது
composition,கலவை
comprehensive,விரிவான
computer,கணினி
concentrate,செறிவுகள்
concentration,செறிவு
concept,கருத்து
concern,அக்கறை
concerned,சம்பந்தப்பட்ட
concert,கச்சேரி
conclude,முடிவுக்கு
conclusion,முடிவுரை
concrete,கான்கிரீட்
condition,நிலை
conduct,நடத்தை
conference,மாநாட்டில்
confidence,நம்பிக்கை
confident,நம்பிக்கை
confirm,உறுதிசெய்
conflict,மோதல்
confront,எதிர்கொள்ளச்
confusion,குழப்பம்
Congress,காங்கிரஸ்
congressional,காங்கிரஸ்
connect,இணைப்பு
connection,இணைப்பு
consciousness,உணர்வு
consensus,ஒருமித்த
consequence,விளைவு
conservative,பழமைவாத
consider,கருத்தில்
considerable,கணிசமான
consideration,கருத்தில்
consist,கொண்டிருக்கும்
consistent,சீரான
constant,நிலையான
constantly,தொடர்ந்து
constitute,உள்ளனர்
constitutional,அரசியலமைப்பு
construct,கட்டமைப்பாக
construction,கட்டுமான
consultant,ஆலோசகர்
consume,நுகர்வு
consumer,நுகர்வோர்
consumption,நுகர்வு
contact,தொடர்பு
contain,கொண்டிருக்கும்
container,கொள்கலன்
contemporary,சமகால
content,உள்ளடக்கம்
contest,போட்டியில்
context,சூழல்
continue,தொடர்ந்து
continued,தொடர்ந்து
contract,ஒப்பந்த
contrast,மாறாக
contribute,பங்களிக்க
contribution,பங்களிப்பு
control,கட்டுப்பாடு
controversial,சர்ச்சைக்குரிய
controversy,சர்ச்சை
convention,மாநாடு
conventional,வழக்கமான
conversation,உரையாடல்
convert,மாறியவன்
conviction,தண்டனை
convince,சமாதானப்படுத்த
cook,சமையல்காரர்
cookie,குக்கீ
cooking,சமையல்
cool,குளிர்
cooperation,ஒத்துழைப்பு
cop,போலீஸ்
cope,சமாளிக்க
copy,பிரதியை
core,கோர்
corn,சோளம்
corner,மூலையில்
corporate,பெருநிறுவன
corporation,மாநகராட்சி
correct,சரி
correspondent,நிருபர்
cost,கட்டண
cotton,பருத்தி
couch,மஞ்சம்
could,முடிந்த
council,சபை
counselor,ஆலோசகர்
count,எண்ண
counter,எதிர்
country,நாட்டின்
county,கவுண்டி
couple,ஜோடி
courage,தைரியம்
course,நிச்சயமாக
court,நீதிமன்றம்
cousin,உறவினர்
cover,கவர்
coverage,கவரேஜ்
cow,மாடு
crack,கிராக்
craft,கைவினை
crash,விபத்தில்
crazy,பைத்தியம்
cream,கிரீம்
create,உருவாக்க
creation,உருவாக்கம்
creative,படைப்பு
creature,உயிரினம்
credit,கடன்
crew,குழுவினர்
crime,குற்றம்
criminal,குற்றவியல்
crisis,நெருக்கடி
criteria,அடிப்படை
critic,விமர்சகர்
critical,விமர்சன
criticism,திறனாய்வு
criticize,விமர்சிக்கத்
crop,பயிர்
cross,குறுக்கு
crowd,கூட்டத்தில்
crucial,முக்கியமான
cry,கலங்குவது
cultural,கலாச்சார
culture,கலாச்சாரம்
cup,கோப்பை
curious,ஆர்வமாக
current,தற்போதைய
currently,தற்போது
curriculum,பாடத்திட்டத்தை
custom,விருப்ப
customer,வாடிக்கையாளர்
cut,வெட்டு
cycle,மிதிவண்டி
dad,அப்பா
daily,தினசரி
damage,சேதம்
dance,நடனம்
danger,ஆபத்து
dangerous,ஆபத்தான
dare,தைரியம்
dark,இருள்
darkness,இருள்
data,தகவல்கள்
date,தேதி
daughter,மகள்
day,நாள்
dead,இறந்த
deal,ஒப்பந்தம்
dealer,வியாபாரி
dear,அன்பே
death,இறப்பு
debate,விவாதம்
debt,கடன்
decade,தசாப்தத்தில்
decide,முடிவு
decision,முடிவு
deck,டெக்
declare,அறிவிக்கிறோம்
decline,சரிவு
decrease,குறைவு
deep,ஆழமான
deeply,ஆழமாக
deer,மான்
defeat,தோல்வியை
defend,பாதுகாக்க
defendant,பிரதிவாதி
defense,பாதுகாப்பு
defensive,தற்காப்பு
deficit,பற்றாக்குறை
define,வரையறு
definitely,நிச்சயமாக
definition,வரையறை
degree,பட்டம்
delay,தாமதம்
deliver,வழங்க
delivery,விநியோக
demand,தேவை
democracy,ஜனநாயகம்
Democrat,ஜனநாயக
democratic,ஜனநாயக
demonstrate,நிரூபிக்க
demonstration,ஆர்ப்பாட்டம்
deny,மறுக்க
department,துறை
depend,சார்ந்தது
dependent,சார்ந்து
depending,பொறுத்து
depict,சித்தரிக்க
depression,மன
depth,ஆழம்
deputy,துணை
derive,அடைவோம்
describe,விவரிக்க
description,விளக்கம்
desert,பாலைவனத்தில்
deserve,தகுதி
design,வடிவமைப்பு
designer,வடிவமைப்பாளர்
desire,ஆசை
desk,மேசை
desperate,ஆற்றொணா
despite,போதிலும்
destroy,அழிக்க
destruction,அழிவு
detail,விவரம்
detailed,விரிவாக
detect,கண்டறிய
determine,தீர்மானிக்க
develop,உருவாக்க
developing,வளரும்
development,வளர்ச்சி
device,சாதனம்
devote,ஒதுக்க
dialogue,உரையாடல்
die,இறக்க
diet,உணவில்
differ,வேறுபடுகின்றன
difference,வேறுபாடு
different,வெவ்வேறு
differently,வித்தியாசமாக
difficult,கடினமான
difficulty,சிரமம்
dig,தோண்டுதல் பணி
digital,டிஜிட்டல்
dimension,பரிமாணம்
dining,சாப்பாட்டு
dinner,இரவு
direct,நேரடி
direction,திசையில்
directly,நேரடியாக
director,இயக்குனர்
dirt,அழுக்கு
dirty,அழுக்கு
disability,இயலாமை
disagree,கருத்து வேறுபாடு
disappear,மறைந்துவிடும்
disaster,பேரழிவு
discipline,ஒழுக்கம்
discourse,சொற்பொழிவு
discover,Discover
discovery,கண்டுபிடிப்பு
discrimination,பாகுபாடு
discuss,விவாதிக்க
discussion,விவாதம்
disease,நோய்
dish,சிறு தட்டு
dismiss,பதவி நீக்கம்
disorder,கோளாறு
display,காட்சி
dispute,சர்ச்சை
distance,தூரம்
distant,தொலைதூர
distinct,தனித்துவமான
distinction,வேறுபாட்டை
distinguish,வேறுபடுத்தி
distribute,விநியோகிக்க
distribution,விநியோகம்
district,மாவட்டம்
diverse,பல்வேறு
diversity,பன்முகத்தன்மை
divide,பிரி
division,பிரிவு
divorce,விவாகரத்து
DNA,டிஎன்ஏ
do,செய்
doctor,மருத்துவர்
document,ஆவணம்
dog,நாய்
domestic,உள்நாட்டு
dominant,மேலாதிக்க
dominate,ஆக்கிரமித்திருந்த
door,கதவை
double,இரட்டை
doubt,சந்தேகம்
down,கீழ்
downtown,நகர
dozen,டஜன்
draft,வரைவு
drag,இழுவை
drama,நாடகம்
dramatic,வியத்தகு
dramatically,வியத்தகு
draw,வரை
drawing,வரைதல்
dream,கனவு
dress,உடை
drink,பானம்
drive,இயக்கி
driver,இயக்கி
drop,கைவிட
drug,மருந்து
dry,உலர்ந்த
due,காரணமாக
during,போது
dust,தூசி
duty,கடமை
each,ஒவ்வொரு
eager,ஆர்வமாக
ear,காது
early,ஆரம்ப
earn,சம்பாதி
earnings,வருவாய்
earth,பூமியில்
ease,எளிதாக்க
easily,எளிதாக
east,கிழக்கு
eastern,கிழக்கு
easy,சுலபம்
eat,சாப்பிட
economic,பொருளாதார
economics,பொருளாதாரம்
economist,பொருளாதார
economy,பொருளாதாரம்
edge,விளிம்பில்
edition,பதிப்பு
editor,ஆசிரியர்
educate,கல்வி
education,கல்வி
educational,கல்வி
educator,கல்வியாளர்
effect,விளைவு
effective,பயனுள்ள
effectively,திறம்பட
efficiency,திறன்
efficient,திறமையான
effort,முயற்சி
egg,முட்டை
eight,எட்டு
either,ஒன்று
elderly,முதியோர்
elect,தேர்வு
election,தேர்தல்
electric,மின்சார
electricity,மின்சாரம்
electronic,மின்னணு
element,உறுப்பு
elementary,தொடக்க
eliminate,அகற்ற
elite,உயரடுக்கு
else,வேறு
elsewhere,வேறு
e-mail,மின்னஞ்சல்
embrace,தழுவி
emerge,வெளிப்பட
emergency,அவசரம்
emission,உமிழ்வு
emotion,உணர்ச்சி
emotional,உணர்ச்சி
emphasis,வலியுறுத்தல்
emphasize,வலியுறுத்த
employ,பணியாளராக
employee,ஊழியர்
employer,முதலாளி
employment,வேலை
empty,காலியாக
enable,செயல்படுத்த
encounter,என்கவுண்டர்
encourage,ஊக்குவிக்க
end,இறுதியில்
enemy,எதிரி
energy,ஆற்றல்
enforcement,அமலாக்க
engage,ஈடுபட
engine,இயந்திரம்
engineer,பொறியாளர்
engineering,பொறியியல்
English,ஆங்கிலம்
enhance,அதிகரிக்க
enjoy,அனுபவிக்க
enormous,மகத்தான
enough,போதும்
ensure,உறுதி
enter,நுழைய
enterprise,நிறுவன
entertainment,பொழுதுபோக்கு
entire,முழு
entirely,முற்றிலும்
entrance,நுழைவு
entry,நுழைவு
environment,சூழல்
environmental,சுற்றுச்சூழல்
episode,அத்தியாயத்தில்
equal,சம
equally,சமமாக
equipment,உபகரணங்கள்
era,சகாப்தம்
error,பிழை
escape,தப்பிக்க
especially,குறிப்பாக
essay,கட்டுரை
essential,அத்தியாவசிய
essentially,அடிப்படையில்
establish,நிறுவ
establishment,ஸ்தாபனத்தின்
estate,எஸ்டேட்
estimate,மதிப்பீடு
etc,போன்றவை
ethics,நெறிமுறைகள்
ethnic,இன
European,ஐரோப்பிய
evaluate,மதிப்பீடு
evaluation,மதிப்பீடு
even,கூட
evening,சாயங்காலம்
event,நிகழ்வு
eventually,இறுதியில்
ever,எப்போதும்
every,ஒவ்வொரு
everybody,எல்லோருக்கும்
everyday,தினமும்
everyone,அனைவருக்கும்
everything,எல்லாம்
everywhere,எல்லா இடங்களிலும்
evidence,ஆதாரங்கள்
evolution,பரிணாம வளர்ச்சி
evolve,கண்டுபிடிக்கலாம்
exact,சரியான
exactly,சரியாக
examination,பரிசோதனை
examine,ஆய்வு
example,உதாரணமாக
exceed,தாண்ட
excellent,சிறந்த
except,தவிர
exception,விதிவிலக்கு
exchange,பரிமாற்றம்
exciting,உற்சாகமான
executive,நிர்வாகி
exercise,உடற்பயிற்சி
exhibit,கண்காட்சியின்
exhibition,கண்காட்சி
exist,இரண்டும் இருக்கக்
existence,இருப்பு
existing,இருக்கும்
expand,விரிவாக்க
expansion,விரிவாக்கம்
expect,எதிர்பார்க்க
expectation,எதிர்பார்ப்பு
expense,இழப்பில்
expensive,விலையுயர்ந்த
experience,அனுபவம்
experiment,சோதனை
expert,நிபுணர்
explain,விளக்க
explanation,விளக்கம்
explode,வெடிக்க
explore,ஆராய
explosion,வெடிப்பு
expose,அம்பலப்படுத்த
exposure,நேரிடுவது
express,எக்ஸ்பிரஸ்
expression,வெளிப்பாடு
extend,நீட்டிக்க
extension,நீட்டிப்பு
extensive,விரிவான
extent,அளவிற்கு
external,வெளிப்புற
extra,கூடுதல்
extraordinary,அசாதாரண
extreme,தீவிர
extremely,மிகவும்
eye,கண்
fabric,துணி
face,முகம்
facility,வசதி
fact,உண்மையில்
factor,காரணி
factory,தொழிற்சாலை
faculty,ஆசிரிய
fade,ஃபேட்
fail,ஃபெயில்
failure,தோல்வி
fair,நியாயமான
fairly,மிகவும்
faith,நம்பிக்கை
fall,விழும்
FALSE,பொய்யா
familiar,பழக்கமான
family,குடும்ப
famous,பிரபலமான
fan,ரசிகர்
fantasy,கற்பனையான
far,இதுவரை
farm,விவசாய
farmer,உழவர்
fashion,ஃபேஷன்
fast,வேகமாக
fat,கொழுப்பு
fate,விதி
father,தந்தை
fault,குற்றம்
favor,ஆதரவாக
favorite,பிடித்த
fear,பயம்
feature,அம்சம்
federal,கூட்டாட்சியின்
fee,கட்டணம்
feed,ஊட்டம்
feel,உணர
feeling,உணர்வு
fellow,சக
female,பெண்
fence,வேலி
few,சில
fewer,குறைவான
fiber,நார்
fiction,புனைவு
field,துறையில்
fifteen,பதினைந்து
fifth,ஐந்தாவது
fifty,ஐம்பது
fight,சண்டை
fighter,போர்
fighting,சண்டை
figure,எண்ணிக்கை
file,கோப்பு
fill,நிரப்பு
film,படம்
final,இறுதி
finally,இறுதியாக
finance,நிதி
financial,நிதி
find,கண்டுபிடிக்க
finding,கண்டுபிடிப்பு
fine,நன்றாக
finger,விரல்
finish,பூச்சு
fire,தீ
firm,நிறுவனம்
first,முதல்
fish,மீன்
fishing,மீன்பிடி
fit,பொருத்தம்
fitness,உடற்பயிற்சி
five,ஐந்து
fix,திருத்தம்
flag,கொடியை
flame,சுடர்
flat,பிளாட்
flavor,சுவை
flee,தப்பியோட
flesh,சதை
flight,விமான
float,மிதவை
floor,தரை
flow,ஓட்டம்
flower,பூ
fly,ஈ
focus,கவனம்
folk,நாட்டுப்புற
follow,பின்பற்ற
following,பின்வரும்
food,உணவு
foot,கால்
football,கால்பந்து
for,ஐந்து
force,படை
foreign,வெளிநாட்டு
forest,காட்டில்
forever,என்றென்றும்
forget,மறக்க
form,வடிவம்
formal,முறையான
formation,உருவாக்கம்
former,முன்னாள்
formula,சூத்திரம்
forth,முன்னும் பின்னுமாக
fortune,அதிர்ஷ்டம்
forward,முன்னோக்கி
found,கண்டறியப்பட்டது
foundation,அடித்தளம்
founder,நிறுவனர்
four,நான்கு
fourth,நான்காவது
frame,சட்ட
framework,கட்டமைப்பை
free,இலவச
freedom,சுதந்திரம்
freeze,உறைய
French,பிரஞ்சு
frequency,அதிர்வெண்
frequent,அடிக்கடி
frequently,அடிக்கடி
fresh,புதிய
friend,நண்பர்
friendly,நட்பாக
friendship,நட்பு
from,இருந்து
front,முன்
fruit,பழம்
frustration,ஏமாற்றம்
fuel,எரிபொருள்
full,முழு
fully,முழுமையாக
fun,வேடிக்கை
function,செயல்பாடு
fund,நிதி
fundamental,அடிப்படை
funding,நிதி
funeral,இறுதி சடங்கு
funny,வேடிக்கையான
furniture,மரச்சாமான்களை
furthermore,மேலும்
future,எதிர்கால
gain,ஆதாயம்
galaxy,விண்மீன்
gallery,கேலரி
game,விளையாட்டு
gang,கும்பல்
gap,இடைவெளி
garage,கேரேஜ்
garden,தோட்டத்தில்
garlic,பூண்டு
gas,எரிவாயு
gate,வாயில்
gather,சேகரிக்க
gay,கே
gaze,பார்வையின்
gear,கியர்
gender,பாலினம்
gene,மரபணு
general,பொது
generally,பொதுவாக
generate,உருவாக்க
generation,தலைமுறை
genetic,மரபணு
gentleman,நற்பண்புகள் கொண்டவர்
gently,மெதுவாக
German,ஜெர்மன்
gesture,சைகை
get,பெறு
ghost,பேய்
giant,மாபெரும்
gift,பரிசு
gifted,திறமையுள்ளவர்கள்
girl,பெண்
girlfriend,காதலி
give,கொடுக்க
given,கொடுக்கப்பட்ட
glad,மகிழ்ச்சி
glance,பார்வையில்
glass,கண்ணாடி
global,உலக
glove,கையுறை
go,போ
goal,இலக்கு
God,இறைவன்
gold,தங்கம்
golden,தங்க
golf,கோல்ப்
good,நல்ல
government,அரசாங்கம்
governor,கவர்னர்
grab,கிராப்
grade,தர
gradually,படிப்படியாக
graduate,பட்டதாரி
grain,தானிய
grand,மாபெரும்
grandfather,தாத்தா
grandmother,பாட்டி
grant,கிராண்ட்
grass,புல்
grave,கல்லறை
gray,சாம்பல்
great,நன்று
greatest,பெரிய
green,பச்சை
grocery,மளிகை
ground,தரையில்
group,குழு
grow,வளர
growing,வளர்ந்து வரும்
growth,வளர்ச்சி
guarantee,உத்தரவாதம்
guard,பாதுகாப்பு
guess,யூகிக்க
guest,விருந்தினர்
guide,வழிகாட்டி
guideline,வழிகாட்டு
guilty,குற்ற உணர்வு
gun,துப்பாக்கி
guy,பையன்
habit,பழக்கம்
habitat,வாழ்விடம்
hair,முடி
half,அரை
hall,மண்டபம்
hand,கை
handful,சில
handle,கைப்பிடி
hang,செயலிழப்பு
happen,நடக்கும்
happy,சந்தோஷமாக
hard,கடின
hardly,அரிதாகத்தான்
hat,தொப்பி
hate,வெறுப்பு
have,வேண்டும்
he,அவர்
head,தலை
headline,தலைப்பு
headquarters,தலைமையகத்தில்
health,சுகாதார
healthy,ஆரோக்கியமான
hear,கேள்
hearing,விசாரணை
heart,இதயம்
heat,வெப்பம்
heaven,சொர்க்கம்
heavily,பெரிதும்
heavy,கனரக
heel,ஹீல்
height,உயரம்
helicopter,ஹெலிகாப்டர்
hell,நரகம்
hello,வணக்கம்
help,உதவி
helpful,பயனுள்ளதாக
her,அவளை
here,இங்கே
heritage,பாரம்பரியத்தை
hero,ஹீரோ
herself,தன்னை
hey,ஏய்
hi,வணக்கம்
hide,மறை
high,உயர்
highlight,முன்னிலைப்படுத்த
highly,மிகவும்
highway,நெடுஞ்சாலை
hill,மலை
him,அவரை
himself,தன்னை
hip,இடுப்பு
hire,வாடகை
his,அவரது
historian,வரலாற்றாசிரியர்
historic,வரலாற்று
historical,வரலாற்று
history,வரலாறு
hit,வெற்றி
hold,பிடி
hole,துளை
holiday,விடுமுறை
holy,பரிசுத்த
home,வீடு
homeless,வீடற்ற
honest,நேர்மையான
honey,தேன்
honor,மரியாதை
hope,நம்பிக்கை
horizon,அடிவானத்தில்
horror,திகில்
horse,குதிரை
hospital,மருத்துவமனை
host,தொகுப்பாளர்
hot,சூடான
hotel,விடுதி
hour,மணி
house,வீட்டில்
household,வீட்டு
housing,வீடுகள்
how,எப்படி
however,எனினும்
huge,பெரிய
human,மனிதன்
humor,நகைச்சுவை
hundred,நூறு
hungry,பசி
hunter,வேட்டையாடி
hunting,வேட்டையாடுதல்
hurt,காயம்
husband,கணவர்
hypothesis,கருதுகோள்
I,நான்
ice,பனி
idea,யோசனை
ideal,ஏற்றதாக
identification,அடையாள
identify,அடையாளம்
identity,அடையாளம்
ie,அதாவது
if,என்றால்
ignore,புறக்கணிக்க
ill,தவறான
illegal,சட்டவிரோத
illness,உடல் நலமின்மை
illustrate,விளக்குவதற்கு
image,படத்தை
imagination,கற்பனை
imagine,கற்பனை
immediate,உடனடியாக
immediately,உடனடியாக
immigrant,குடியேற்ற
immigration,குடியேற்றம்
impact,தாக்கம்
implement,செயல்படுத்த
implication,இது சம்பந்தமாக
imply,வெளிப்படுத்தாது
importance,முக்கியத்துவம்
important,முக்கியமான
impose,திணிக்க
impossible,சாத்தியமற்றது
impress,ஊழியரும்
impression,உணர்வை
impressive,ஈர்க்கக்கூடிய
improve,மேம்படுத்த
improvement,முன்னேற்றம்
in,இல்
incentive,ஊக்க
incident,சம்பவம்
include,சேர்க்கிறது
including,உட்பட
income,வருமானம்
incorporate,பதிவுசெய்தல்
increase,அதிகரி
increased,அதிகரித்த
increasing,அதிகரித்து
increasingly,பெருகிய
incredible,நம்பமுடியாத
indeed,உண்மையில்
independence,சுதந்திரம்
independent,சுயாதீன
index,குறியீட்டு
Indian,இந்தியன்
indicate,குறிப்பிடுகின்றன
indication,அறிகுறி
individual,தனிப்பட்ட
industrial,தொழில்துறை
industry,தொழில்
infant,குழந்தை
infection,தொற்று
inflation,வீக்கம்
influence,செல்வாக்கு
inform,தெரிவிக்க
information,தகவல்
ingredient,மூலப்பொருள்
initial,ஆரம்ப
initially,ஆரம்பத்தில்
initiative,முயற்சி
injury,காயம்
inner,உள்
innocent,அப்பாவி
inquiry,விசாரணை
inside,உள்ளே
insight,நுண்ணறிவால்
insist,வலியுறுத்துகின்றனர்
inspire,இன்ஸ்பயர்
install,நிறுவு
instance,உதாரணமாக
instead,பதிலாக
institution,நிறுவனம்
institutional,நிறுவன
instruction,அறிவுறுத்தல்
instructor,பயிற்றுவிப்பாளராக
instrument,கருவி
insurance,காப்பீடு
intellectual,அறிவுசார்
intelligence,உளவுத்துறை
intend,திட்டமிட்டுள்ளீர்கள்
intense,தீவிர
intensity,தீவிரம்
intention,எண்ணம்
interaction,தொடர்பு
interest,ஆர்வம்
interested,ஆர்வம்
interesting,சுவாரஸ்யமான
internal,உள்
international,சர்வதேச
Internet,இணையதளம்
interpret,விளக்குவது
interpretation,விளக்கம்
intervention,தலையீடு
interview,பேட்டியில்
into,ஒரு
introduce,அறிமுகப்படுத்த
introduction,அறிமுகம்
invasion,படையெடுப்பு
invest,Invest
investigate,விசாரணை
investigation,விசாரணை
investigator,புலன்விசாரணை
investment,முதலீட்டு
investor,முதலீட்டாளர்
invite,அழைக்க
involve,ஈடுபடு
involved,ஈடுபாடு
involvement,ஈடுபாடு
Iraqi,ஈராக்
Irish,ஐரிஷ்
iron,இரும்பு
Islamic,இஸ்லாமிய
island,தீவின்
Israeli,இஸ்ரேலிய
issue,பிரச்சினை
it,அது
Italian,இத்தாலிய
item,உருப்படியை
its,அதன்
itself,தன்னை
jacket,ஜாக்கெட்
jail,சிறை
Japanese,ஜப்பனீஸ்
jet,ஜெட்
Jew,யூதர்
Jewish,யூத
job,வேலை
join,சேர
joint,கூட்டு
joke,ஜோக்
journal,பத்திரிகை
journalist,பத்திரிகையாளர்
journey,பயணம்
joy,மகிழ்ச்சி
judge,நீதிபதி
judgment,தீர்ப்பு
juice,சாறு
jump,ஜம்ப்
junior,இளைய
jury,ஜூரி
just,வெறும்
justice,நீதி
justify,நியாயப்படுத்துவதற்கு
keep,வை
key,முக்கிய
kick,கிக்
kid,குழந்தை
kill,கொலை
killer,கொலையாளி
killing,கொலை
kind,கருணை
king,ராஜா
kiss,முத்தம்
kitchen,சமையலறை
knee,முழங்கால்
knife,கத்தி
knock,தட்டுங்கள்
know,தெரியும்
knowledge,அறிவு
lab,ஆய்வகம்
label,லேபிள்
labor,தொழிலாளர்
laboratory,ஆய்வகம்
lack,பற்றாக்குறை
lady,பெண்
lake,ஏரி
land,நில
landscape,இயற்கை
language,மொழி
lap,மடியில்
large,பெரிய
largely,பெரும்பாலும்
last,கடந்த
late,தாமதமாக
later,பின்னர்
Latin,லத்தீன்
latter,பிந்தைய
laugh,சிரிக்க
launch,வெளியீட்டு
law,சட்டம்
lawn,புல்வெளி
lawsuit,வழக்கு
lawyer,வழக்கறிஞர்
lay,எளிமையான
layer,அடுக்கு
lead,வழி நடத்து
leader,தலைவர்
leadership,தலைமைத்துவம்
leading,முன்னணி
leaf,இலை
league,லீக்
lean,ஒல்லியான
learn,அறிய
learning,கற்றல்
least,குறைந்தது
leather,தோல்
leave,விடுப்பு
left,இடது
leg,கால்
legacy,மரபு
legal,சட்ட
legend,புராண
legislation,சட்டத்தை
legitimate,முறையான
lemon,எலுமிச்சை
length,நீளம்
less,குறைவான
lesson,பாடம்
let,நாம்
letter,கடிதம்
level,நிலை
liberal,தாராளவாத
library,நூலகம்
license,உரிமம்
lie,பொய்
life,வாழ்க்கை
lifestyle,வாழ்க்கை
lifetime,வாழ்நாள்
lift,லிப்ட்
light,ஒளி
like,போன்ற
likely,வாய்ப்பு
limit,அளவு
limitation,வரையறை
limited,வரையறுக்கப்பட்ட
line,வரி
link,இணைப்பை
lip,லிப்
list,பட்டியலில்
listen,கேட்க
literally,உண்மையாகவே
literary,இலக்கிய
literature,இலக்கியம்
little,சிறிய
live,நேரடி
living,வாழ்க்கை
load,சுமை
loan,கடன்
local,உள்ளூர்
locate,கண்டறிவது
location,இடம்
lock,பூட்டு
long,நீண்ட
long-term,நீண்ட கால
look,தோற்றம்
loose,இழக்க
lose,இழக்க
loss,இழப்பு
lost,இழந்தது
lot,நிறைய
lots,நிறைய
loud,உரத்த
love,காதல்
lovely,அழகான
lover,காதலன்
low,குறைந்த
lower,குறைந்த
luck,அதிர்ஷ்டம்
lucky,அதிர்ஷ்டம்
lunch,மதிய
lung,நுரையீரல்
machine,இயந்திரம்
mad,பைத்தியம்
magazine,பத்திரிகை
mail,அஞ்சல்
main,முக்கிய
mainly,முக்கியமாக
maintain,பராமரிக்க
maintenance,பராமரிப்பு
major,முக்கிய
majority,பெரும்பான்மை
make,செய்ய
maker,தயாரிப்பாளர்
makeup,ஒப்பனை
male,ஆண்
mall,மால்
man,மனிதன்
manage,நிர்வகிக்க
management,மேலாண்மை
manager,மேலாளர்
manner,முறையில்
manufacturer,உற்பத்தியாளர்
manufacturing,உற்பத்தி
many,பல
map,கண்டறிவதில்
margin,விளிம்பு
mark,குறி
market,சந்தை
marketing,சந்தைப்படுத்தல்
marriage,திருமணம்
married,திருமணம்
marry,திருமணம்
mask,மாஸ்க்
mass,நிறை
massive,பாரிய
master,குரு
match,பொருத்துக
material,பொருள்
math,கணித
matter,விஷயம்
may,மே
maybe,இருக்கலாம்
mayor,மேயர்
me,என்னை
meal,உணவு
mean,சராசரி
meaning,பொருள்
meanwhile,இதற்கிடையில்
measure,நடவடிக்கை
measurement,அளவீடு
meat,இறைச்சி
mechanism,பொறிமுறையை
media,ஊடக
medical,மருத்துவம்
medication,மருந்து
medicine,மருந்து
medium,நடுத்தர
meet,சந்திக்க
meeting,சந்தித்தல்
member,உறுப்பினர்
membership,உறுப்பினர்
memory,நினைவு
mental,மன
mention,குறிப்பும்
menu,பட்டியல்
mere,வெறும்
merely,வெறுமனே
mess,குழப்பம்
message,செய்தி
metal,உலோக
meter,மீட்டர்
method,முறை
Mexican,மெக்சிகன்
middle,நடுத்தர
might,வலிமை
military,இராணுவ
milk,பால்
million,மில்லியன்
mind,மனதில்
mine,என்னுடையது
minister,அமைச்சர்
minor,சிறிய
minority,சிறுபான்மை
minute,நிமிடம்
miracle,அதிசயம்
mirror,கண்ணாடி
miss,செல்வி
missile,ஏவுகணை
mission,பணி
mistake,தவறு
mix,கலவை
mixture,கலவை
mm-hmm,மி.மீ.-ஹ்ம்ம்
mode,முறையில்
model,மாதிரி
moderate,மிதமான
modern,நவீன
modest,சாதாரண
mom,அம்மா
moment,கணம்
money,பணம்
monitor,மானிட்டர்
month,மாதம்
mood,மனநிலை
moon,நிலா
moral,தார்மீக
more,மேலும்
moreover,மேலும்
morning,காலை
mortgage,அடமான
most,மிகவும்
mostly,பெரும்பாலும்
mother,அம்மா
motion,இயக்கம்
motivation,முயற்சி
motor,மோட்டார்
mount,ஏற்ற
mountain,மலை
mouse,சுட்டி
mouth,வாய்
move,நகர்வு
movement,இயக்கம்
movie,திரைப்பட
Mr,திரு
Mrs,திருமதி
Ms,செல்வி
much,மிகவும்
multiple,பல
murder,கொலை
muscle,தசை
museum,அருங்காட்சியகம்
music,இசை
musical,இசை
musician,இசைக்கலைஞர்
Muslim,முஸ்லீம்
must,வேண்டும்
mutual,பரஸ்பர
my,என்
myself,நானே
mystery,மர்மம்
myth,கட்டுக்கதை
naked,நிர்வாண
name,பெயர்
narrative,கதை
narrow,அதிகரிக்கவும்
nation,நாட்டின்
national,தேசிய
native,சொந்த
natural,இயற்கை
naturally,இயற்கையாகவே
nature,இயற்கை
near,அருகே
nearby,அருகிலுள்ள
nearly,கிட்டத்தட்ட
necessarily,அவசியம்
necessary,தேவையான
neck,கழுத்து
need,தேவை
negative,எதிர்மறை
negotiate,சொல்லாடல்
negotiation,பேச்சுவார்த்தை
neighbor,அண்டை
neighborhood,அக்கம்
neither,எந்த
nerve,நரம்பு
nervous,பதட்டமாக
net,நிகர
network,வலைப்பின்னல்
never,ஒருபோதும்
nevertheless,இருப்பினும்
new,புதிய
newly,புதிதாக
news,செய்தி
newspaper,செய்தித்தாள்
next,அடுத்தது
nice,நல்ல
night,இரவு
nine,ஒன்பது
no,இல்லை
nobody,யாரும்
nod,விருதினை
noise,சத்தம்
nomination,பரிந்துரையை
none,யாரும்
nonetheless,இருப்பினும்
nor,அல்லது
normal,சாதாரண
normally,பொதுவாக
north,வடக்கு
northern,வடக்கு
nose,மூக்கு
not,இல்லை
note,குறிப்பு
nothing,எதுவும்
notice,அறிவிப்பு
notion,கருத்து
novel,நாவல்
now,இப்போது
nowhere,எங்கும்
n't,இல்லை
nuclear,அணு
number,எண்
numerous,பல
nurse,செவிலியர்
nut,நட்டு
object,பொருள்
objective,புறநிலை
obligation,கடமை
observation,கவனிப்பு
observe,கண்காணிக்க
observer,பார்வையாளர்
obtain,பெற
obvious,வெளிப்படையான
obviously,வெளிப்படையாக
occasion,விழாவில்
occasionally,எப்போதாவது
occupation,ஆக்கிரமிப்பு
occupy,ஆக்கிரமிக்க
occur,ஏற்படும்
ocean,கடல்
odd,ஒற்றைப்படை
odds,முரண்பாடுகள்
of,இன்
off,ஆஃப்
offense,குற்றம்
offensive,தாக்குதல்
offer,சலுகை
office,அலுவலகம்
officer,அதிகாரி
official,அதிகாரி
often,அடிக்கடி
oh,ஓ
oil,எண்ணெய்
ok,சரி
okay,சரி
old,பழைய
Olympic,ஒலிம்பிக்
on,மீது
once,ஒருமுறை
one,ஒரு
ongoing,நடந்து
onion,வெங்காயம்
online,நிகழ்நிலை
only,மட்டுமே
onto,மீது
open,திறந்த
opening,திறப்பு
operate,இயக்குகிறது
operating,இயக்க
operation,அறுவை சிகிச்சை
operator,ஆபரேட்டர்
opinion,கருத்து
opponent,எதிரியை
opportunity,வாய்ப்பு
oppose,எதிர்க்கும்
opposite,எதிர்
opposition,எதிர்ப்பு
option,விருப்பத்தை
or,அல்லது
orange,ஆரஞ்சு
order,ஆர்டர்
ordinary,சாதாரண
organic,கரிம
organization,அமைப்பு
organize,ஏற்பாடு
orientation,நோக்குநிலை
origin,தோற்றம்
original,அசல்
originally,முதலில்
other,மற்ற
others,மற்றவைகள்
otherwise,இல்லையெனில்
ought,வேண்டும்
our,நமது
ourselves,நம்மை
out,வெளியே
outcome,விளைவு
outside,வெளியே
oven,சூளை
over,மீது
overall,ஒட்டுமொத்த
overcome,கடந்து வா
overlook,சமாளிக்க
owe,கடமைப்பட்டிருக்கிறது
own,சொந்த
owner,உரிமையாளர்
pace,வேகம்
pack,எடுத்துவைக்க
package,தொகுப்பு
page,பக்கம்
pain,வலி
painful,வலி
paint,வரைவதற்கு
painter,ஓவியர்
painting,ஓவியம்
pair,ஜோடி
pale,வெளிறிய
Palestinian,பாலஸ்தீன
palm,பனை
pan,பான்
panel,குழு
pant,மூச்சிரைக்கின்றன
paper,காகிதம்
parent,பெற்றோர்
park,பூங்கா
parking,வாகன நிறுத்துமிடம்
part,பகுதியாக
participant,பங்கேற்பாளராக
participate,பங்கேற்க
participation,பங்கு
particular,குறிப்பிட்ட
particularly,குறிப்பாக
partly,ஓரளவு
partner,பங்குதாரர்
partnership,கூட்டு
party,கட்சி
pass,கடந்து
passage,பத்தியில்
passenger,பயணிகள்
passion,வேட்கை
past,கடந்த
patch,இணைப்பு
path,பாதை
patient,நோயாளி
pattern,முறை
pause,இடைநிறுத்தம்
pay,ஊதியம்
payment,கட்டணம்
PC,பிசி
peace,சமாதானம்
peak,உச்ச
peer,பியர்
penalty,தண்டம்
people,மக்கள்
pepper,மிளகு
per,ஒன்றுக்கு
perceive,உணர
percentage,சதவிதம்
perception,கருத்து
perfect,சரியான
perfectly,செய்தபின்
perform,செய்ய
performance,செயல்திறன்
perhaps,ஒருவேளை
period,காலம்
permanent,நிரந்தர
permission,அனுமதி
permit,அனுமதி
person,நபர்
personal,தனிப்பட்ட
personality,ஆளுமை
personally,தனிப்பட்ட முறையில்
personnel,பணியாளர்கள்
perspective,முன்னோக்கு
persuade,இணங்கச்
pet,செல்ல
phase,கட்டம்
phenomenon,நிகழ்வு
philosophy,தத்துவம்
phone,தொலைபேசி
photo,புகைப்படம்
photograph,புகைப்படம்
photographer,புகைப்பட
phrase,சொற்றொடர்
physical,உடல்
physically,உடல்
physician,மருத்துவர்
piano,பியானோ
pick,அழைத்து
picture,படம்
pie,பை
piece,துண்டு
pile,குவியல்
pilot,பைலட்
pine,பைன்
pink,இளஞ்சிவப்பு
pipe,குழாய்
pitch,சுருதி
place,இடத்தில்
plan,திட்டம்
plane,விமானம்
planet,கிரகம்
planning,திட்டமிடல்
plant,ஆலை
plastic,நெகிழி
plate,தட்டு
platform,நடைமேடை
play,நாடகம்
player,ஆட்டக்காரர்
please,தயவு செய்து
pleasure,இன்பம்
plenty,நிறைய
plot,சதி
plus,பிளஸ்
PM,மாலை
pocket,பாக்கெட்
poem,கவிதை
poet,கவிஞர்
poetry,கவிதை
point,புள்ளி
pole,துருவ
police,காவல்
policy,கொள்கை
political,அரசியல்
politically,அரசியல்
politician,அரசியல்வாதி
politics,அரசியலில்
poll,கருத்து கணிப்பு
pollution,மாசு
pool,குளம்
poor,ஏழை
pop,பாப்
popular,பிரபலமான
population,மக்கள் தொகையில்
porch,தாழ்வாரம்
port,துறைமுக
portion,பகுதியை
portrait,உருவப்படம்
portray,சித்தரிக்க
pose,போஸ்
position,நிலையை
positive,நேர்மறை
possess,பெற்றிருக்கவில்லை
possibility,சாத்தியம்
possible,சாத்தியமான
possibly,சாத்தியமான
post,அஞ்சல்
pot,பானை
potato,உருளைக்கிழங்கு
potential,சாத்தியமான
potentially,சாத்தியமுள்ள
pound,பவுண்டு
pour,pour
poverty,வறுமை
powder,தூள்
power,சக்தி
powerful,சக்திவாய்ந்த
practical,நடைமுறை
practice,பயிற்சி
pray,பிரார்த்தனை
prayer,பிரார்த்தனை
precisely,துல்லியமாக
predict,கணிக்க
prefer,விரும்புகின்றனர்
preference,விருப்பம்
pregnancy,கர்ப்ப
pregnant,கர்ப்பிணி
preparation,தயாரிப்பு
prepare,தயார்
prescription,மருந்து
presence,முன்னிலையில்
present,தற்போது
presentation,வழங்கல்
preserve,பாதுகாக்க
president,தலைவர்
presidential,ஜனாதிபதி
press,அச்சகம்
pressure,அழுத்தம்
pretend,பாசாங்கு
pretty,அழகான
prevent,தடு
previous,முந்தைய
previously,முன்பு
price,விலை
pride,பெருமை
priest,பூசாரி
primarily,முதன்மையாக
primary,முதன்மை
prime,பிரதம
principal,முக்கிய
principle,கொள்கை
print,அச்சிட
prior,முன்
priority,முன்னுரிமை
prison,சிறையில்
prisoner,கைதி
privacy,தனியுரிமை
private,தனியார்
probably,அநேகமாக
problem,பிரச்சனை
procedure,செயல்முறை
proceed,தொடர
process,செயல்முறை
produce,விளைபொருட்களை
producer,தயாரிப்பாளர்
product,தயாரிப்பு
production,தயாரிப்பு
profession,தொழிலை
professional,தொழில்முறை
professor,பேராசிரியர்
profile,சுயவிவர
profit,இலாப
program,திட்டம்
progress,முன்னேற்றம்
project,திட்டம்
prominent,முக்கிய
promise,வாக்குறுதி
promote,ஊக்குவிக்க
prompt,உடனடியாக
proof,ஆதாரம்
proper,சரியான
properly,ஒழுங்காக
property,சொத்து
proportion,விகிதம்
proposal,திட்டம்
propose,முன்மொழிய
proposed,முன்மொழியப்பட்ட
prosecutor,வழக்கறிஞர்
prospect,வாய்ப்பு
protect,பாதுகாக்க
protection,பாதுகாப்பு
protein,புரத
protest,எதிர்ப்பு
proud,பெருமை
prove,நிரூபிக்க
provide,வழங்கும்
provider,வழங்குநர்
province,மாகாணத்தில்
provision,ஏற்பாடு
psychological,உளவியல்
psychologist,உளவியலாளர்
psychology,உளவியல்
public,பொது
publication,வெளியீடு
publicly,பகிரங்கமாக
publish,வெளியிட
publisher,பதிப்பகத்தார்
pull,மிகுதி
punishment,தண்டனை
purchase,கொள்முதல்
pure,தூய
purpose,நோக்கம்
pursue,தொடர
push,மிகுதி
put,வைத்து
qualify,தகுதி
quality,தரமான
quarter,காலாண்டில்
quarterback,குவாட்டர்பேக்
question,கேள்வி
quick,விரைவான
quickly,விரைவில்
quiet,அமைதியான
quietly,அமைதியாக
quit,விட்டுவிட
quite,மிகவும்
quote,மேற்கோள்
race,இனம்
racial,இன
radical,தீவிரவாத
radio,வானொலி
rail,ரயில்
rain,மழை
raise,உயர்வு
range,சரகம்
rank,ரேங்க்
rapid,விரைவான
rapidly,விரைவில்
rare,அரிய
rarely,அரிதாக
rate,விகிதம்
rather,மாறாக
rating,மதிப்பீடு
ratio,விகிதம்
raw,மூல
reach,அடைய
react,வினை
reaction,எதிர்வினை
read,படி
reader,வாசகர்
reading,வாசிப்பு
ready,தயாராக
real,உண்மையான
reality,உண்மையில்
realize,நினைத்துக்கூட பார்க்காத
really,உண்மையில்
reason,காரணம்
reasonable,நியாயமான
recall,நினைவுகூர்வது
receive,பெறும்
recent,அண்மையில்
recently,சமீபத்தில்
recipe,செய்முறையை
recognition,அங்கீகாரம்
recognize,அடையாளம் கண்டு கொள்
recommend,பரிந்துரை
recommendation,பரிந்துரை
record,சாதனை
recording,பதிவு
recover,மீட்க
recovery,மீட்பு
recruit,பணியமர்த்த
red,சிவப்பு
reduce,குறைக்க
reduction,குறைப்பு
refer,பார்க்கவும்
reference,குறிப்பு
reflect,பிரதிபலிக்கும்
reflection,பிரதிபலிப்பு
reform,சீர்திருத்தம்
refugee,அகதி
refuse,மறு
regard,தொடர்பாக
regarding,தொடர்பாக
regardless,பொருட்படுத்தாமல்
regime,ஆட்சி
region,பிராந்தியம்
regional,பிராந்திய
register,பதிவு
regular,வழக்கமான
regularly,வழக்கமாக
regulate,கட்டுப்படுத்தும்
regulation,கட்டுப்பாட்டு
reinforce,வலுப்படுத்தும்
reject,நிராகரிக்க
relate,தொடர்புபடுத்த
relation,உறவு
relationship,உறவு
relative,உறவினர்
relatively,ஒப்பீட்டளவில்
relax,ஓய்வெடுக்க
release,வெளியீடு
relevant,தொடர்புடைய
relief,துயர் நீக்கம்
religion,மதம்
religious,மத
rely,நம்ப
remain,இருக்கும்
remaining,மீதமுள்ள
remarkable,குறிப்பிடத்தக்க
remember,நினைவில்
remind,ஞாபகப்படுத்த
remote,தொலை
remove,அகற்றுவதில்
repeat,மீண்டும்
repeatedly,மீண்டும் மீண்டும்
replace,பதிலாக
reply,பதில்
report,அறிக்கை
reporter,நிருபர்
represent,பிரதிநிதித்துவம்
representation,பிரதிநிதித்துவம்
representative,பிரதிநிதி
Republican,குடியரசுக்
reputation,புகழ்
request,கோரிக்கை
require,தேவைப்படும்
requirement,தேவை
research,ஆராய்ச்சி
researcher,ஆராய்ச்சியாளர்
resemble,ஒத்திருக்கின்றன
reservation,ஒதுக்கீடு
resident,குடியுரிமை
resist,எதிர்க்க
resistance,எதிர்ப்பு
resolution,தீர்மானம்
resolve,தீர்மானத்தை
resort,உல்லாசப்போக்கிடம்
resource,வள
respect,மதிக்க
respond,பதிலை
respondent,பதிலளிப்பாளரின்
response,பதில்
responsibility,பொறுப்பு
responsible,பொறுப்பு
rest,ஓய்வெடுக்க
restaurant,உணவகம்
restore,மீட்க
restriction,கட்டுப்பாடு
result,விளைவாக
retain,தக்கவைத்து
retire,ஓய்வு
retirement,ஓய்வு
return,திரும்ப
reveal,வெளிப்படுத்த
revenue,வருவாய்
review,விமர்சனம்
revolution,புரட்சி
rhythm,ரிதம்
rice,அரிசி
rich,பணக்கார
rid,தவிர்ந்திடு
ride,சவாரி
rifle,துப்பாக்கி
right,வலது
ring,மோதிரம்
rise,உயரும்
risk,ஆபத்து
river,நதி
road,சாலை
rock,பாறை
role,பங்கு
roll,ரோல்
romantic,காதல்
roof,கூரை
room,அறை
root,ரூட்
rope,கயிறு
rose,உயர்ந்தது
rough,கடினமான
roughly,சுமார்
round,சுற்று
route,பாதை
routine,வழக்கமான
row,வரிசையில்
rub,துடைப்பான்
rule,ஆட்சி
run,ஓடு
running,ஓடுதல்
rural,கிராமப்புற
rush,அவசரத்தில்
Russian,ரஷியன்
sacred,புனித
sad,வருத்தமாக
safe,பாதுகாப்பான
safety,பாதுகாப்பு
sake,நிமித்தம்
salad,கலவை
salary,சம்பளம்
sale,விற்பனை
sales,விற்பனை
salt,உப்பு
same,அதே
sample,மாதிரி
sanction,அனுமதி
sand,மணல்
satellite,செயற்கைக்கோள்
satisfaction,திருப்தி
satisfy,திருப்தி
sauce,சாஸ்
save,சேமிக்க
saving,சேமிப்பு
say,சொல்
scale,அளவில்
scandal,ஊழல்
scared,பயந்திருந்தாலோ
scenario,சூழ்நிலையில்
scene,காட்சி
schedule,அட்டவணை
scheme,திட்டம்
scholar,அறிஞர்
scholarship,உதவித்தொகை
school,பள்ளி
science,விஞ்ஞானம்
scientific,அறிவியல்
scientist,விஞ்ஞானி
scope,வாய்ப்பு
score,மதிப்பெண்
scream,அலறல்
screen,திரை
script,கையால் எழுதப்பட்ட தாள்
sea,கடல்
search,தேட
season,பருவம்
seat,இருக்கை
second,இரண்டாவது
secret,இரகசிய
secretary,செயலாளர்
section,பிரிவில்
sector,துறை
secure,பாதுகாக்க
security,பாதுகாப்பு
see,பார்க்க
seed,விதை
seek,தேடுங்கள்
seem,தெரியவில்லை
segment,பிரிவில்
seize,பறிமுதல்
select,தேர்வு
selection,தேர்வு
self,சுய
sell,விற்க
Senate,செனட்
senator,செனட்டர்
send,அனுப்புக
senior,மூத்த
sense,உணர்வு
sensitive,முக்கிய
sentence,தண்டனை
separate,தனி
sequence,வரிசை
series,தொடர்
serious,தீவிர
seriously,தீவிரமாக
serve,பணியாற்ற
service,சேவை
session,அமர்வு
set,தொகுப்பு
setting,அமைப்பை
settle,செட்டில்
settlement,தீர்வு
seven,ஏழு
several,பல
severe,கடுமையான
sex,செக்ஸ்
sexual,பாலியல்
shade,நிழல்
shadow,நிழல்
shake,குலுக்கல்
shall,பேசலாம்
shape,வடிவம்
share,பகிர்
sharp,கூர்மையான
she,அவள்
sheet,தாள்
shelf,அலமாரியில்
shell,ஷெல்
shelter,தங்குமிடம்
shift,மாற்றம்
shine,பிரகாசம்
ship,கப்பல்
shirt,சட்டை
shit,மலம்
shock,அதிர்ச்சி
shoe,ஷூ
shoot,படப்பிடிப்பு
shooting,படப்பிடிப்பு
shop,கடை
shopping,கடையில் பொருட்கள் வாங்குதல்
shore,கரையில்
short,குறுகிய
shortly,விரைவில்
shot,ஷாட்
should,வேண்டுமா
shoulder,தோள்பட்டை
shout,சத்தம்
show,நிகழ்ச்சி
shower,மழை
shrug,மொத்தத்தில் அலட்சியமாக
shut,நிறுத்தல்களுக்குப்
sick,உடம்பு
side,பக்க
sigh,பெருமூச்சு
sight,பார்வை
sign,அடையாளம்
signal,சிக்னல்
significance,முக்கியத்துவம்
significant,குறிப்பிடத்தக்க
significantly,கணிசமாக
silence,அமைதி
silent,அமைதியாக
silver,வெள்ளி
similar,ஒத்த
similarly,இதேபோல்
simple,எளிய
simply,வெறுமனே
sin,பாவம்
since,முதல்
sing,பாட
singer,பாடகர்
single,ஒற்றை
sink,தொட்டியின்
sir,ஐயா
sister,சகோதரி
sit,உட்கார
site,தளத்தில்
situation,நிலைமை
six,ஆறு
size,அளவு
ski,ஸ்கை
skill,திறமை
skin,தோல்
sky,வானம்
slave,அடிமை
sleep,தூங்கு
slice,துண்டு
slide,ஸ்லைடு
slight,லேசான
slightly,சற்று
slip,சீட்டு
slow,மெதுவாக
slowly,மெதுவாக
small,சிறிய
smart,புத்திசாலி
smell,வாசனை
smile,சிரிக்க
smoke,புகை
smooth,மென்மையான
snap,நொடியில்
snow,பனி
so,அதனால்
so-called,என்று அழைக்கப்படும்
soccer,கால்பந்து
social,சமூக
society,சமூகம்
soft,மென்மையான
software,மென்பொருள்
soil,மண்
solar,சூரிய
soldier,சிப்பாய்
solid,திட
solution,தீர்வு
solve,தீர்க்க
some,சில
somebody,யாரோ
somehow,எப்படியோ
someone,யாரோ
something,ஏதாவது
sometimes,சில நேரங்களில்
somewhat,சற்றே
somewhere,எங்காவது
son,மகன்
song,பாடல்
soon,விரைவில்
sophisticated,அதிநவீன
sorry,மன்னிக்கவும்
sort,வகைபடுத்து
soul,ஆன்மா
sound,ஒலி
soup,சூப்
source,மூல
south,தெற்கு
southern,தெற்கு
Soviet,சோவியத்
space,விண்வெளி
Spanish,ஸ்பானிஷ்
speak,பேசு
speaker,பேச்சாளர்
special,சிறப்பு
specialist,சிறப்பு
species,இனங்கள்
specific,குறிப்பிட்ட
specifically,குறிப்பாக
speech,பேச்சு
speed,வேகம்
spend,செலவிட
spending,செலவு
spin,ஸ்பின்
spirit,ஆவி
spiritual,ஆன்மீக
split,பிளவு
spokesman,பேச்சாளர்
sport,விளையாட்டு
spot,ஸ்பாட்
spread,பரவுதல்
spring,வசந்த
square,சதுர
squeeze,நெருக்கு
stability,ஸ்திரத்தன்மை
stable,நிலையான
staff,ஊழியர்கள்
stage,மேடை
stair,படிக்கட்டு
stake,பங்குகளை
stand,நிற்க
standard,தரநிலை
standing,நின்று
star,நட்சத்திரம்
stare,முறைத்தல்
start,தொடக்கத்தில்
state,நிலை
statement,அறிக்கை
station,நிலையம்
statistics,புள்ளிவிவரங்கள்
status,நிலையை
stay,தங்க
steady,நிலையான
steal,திருட
steel,எஃகு
step,படி
stick,குச்சி
still,இன்னும்
stir,பரபரப்பை
stock,பங்கு
stomach,வயிறு
stone,கல்
stop,நிறுத்தத்தில்
storage,சேமிப்பு
store,கடை
storm,புயல்
story,கதை
straight,நேராக
strange,விசித்திரமான
stranger,அந்நியன்
strategic,மூலோபாய
strategy,மூலோபாயம்
stream,ஸ்ட்ரீம்
street,தெரு
strength,வலிமை
strengthen,வலுப்படுத்த
stress,மன அழுத்தம்
stretch,நீட்டிக்க
strike,வேலைநிறுத்தம்
string,லேசான கயிறு
strip,ஆடை அவிழ்ப்பு
stroke,பக்கவாதம்
strong,வலுவான
strongly,கடுமையாக
structure,அமைப்பு
struggle,போராட்டம்
student,மாணவர்
studio,ஸ்டூடியோ
study,ஆய்வு
stuff,பொருட்களை
stupid,முட்டாள்
style,பாணி
subject,பொருள்
submit,சமர்ப்பிக்க
subsequent,அடுத்தடுத்த
substance,பொருள்
substantial,கணிசமான
succeed,வெற்றி
success,வெற்றி
successful,வெற்றிகரமான
successfully,வெற்றிகரமாக
such,அத்தகைய
sudden,திடீர்
suddenly,திடீரென்று
sue,சூ
suffer,பாதிப்பு
sufficient,போதுமான
sugar,சர்க்கரை
suggest,பரிந்துரை
suggestion,பரிந்துரை
suicide,தற்கொலை
suit,வழக்கு
summer,கோடை
summit,உச்சிமாநாடு
sun,சூரியன்
super,அருமை
supply,விநியோகி
support,ஆதரவு
supporter,ஆதரவாளர்
suppose,நினைக்கிறேன்
supposed,வேண்டும்
Supreme,உச்ச
sure,நிச்சயம்
surely,நிச்சயமாக
surface,மேற்பரப்பில்
surgery,அறுவை சிகிச்சை
surprise,ஆச்சரியம்
surprised,வியப்பு
surprising,ஆச்சரியம்
surprisingly,வியக்கத்தக்க
surround,சரவுண்ட்
survey,கணக்கெடுப்பு
survival,உயிர்
survive,வாழ
survivor,உயிர் பிழைத்தவர்
suspect,சந்தேக
sustain,தக்க
swear,சத்தியம்
sweep,ஸ்வீப்
sweet,இனிப்பு
swim,நீந்து
swing,ஊஞ்சலில்
switch,சொடுக்கி
symbol,சின்னமாக
symptom,அறிகுறி
system,அமைப்பு
table,மேசை
tablespoon,தேக்கரண்டி
tactic,உத்தி
tail,வால்
take,எடுத்து
tale,கதை
talent,திறமை
talk,பேச்சு
tall,உயரமான
tank,தொட்டி
tap,குழாய்
tape,நாடா
target,இலக்கு
task,பணி
taste,சுவை
tax,வரி
taxpayer,வரிசெலுத்துவோர்
tea,தேநீர்
teach,பழக்கினார்
teacher,ஆசிரியர்
teaching,கற்பித்தல்
team,அணி
tear,கண்ணீர்
teaspoon,தேக்கரண்டி
technical,தொழில்நுட்ப
technique,நுட்பம்
technology,தொழில்நுட்பம்
teen,டீன்
teenager,இளம்பெண்
telephone,தொலைபேசி
telescope,தொலைநோக்கி
television,தொலைக்காட்சி
tell,சொல்ல
temperature,வெப்ப நிலை
temporary,தற்காலிக
ten,பத்து
tend,முனைகின்றன
tendency,போக்கு
tennis,டென்னிஸ்
tension,பதற்றம்
tent,கூடாரம்
term,கால
terms,விதிமுறை
terrible,பயங்கரமான
territory,பிரதேசத்தில்
terror,பயங்கரவாத
terrorism,பயங்கரவாதம்
terrorist,பயங்கரவாத
test,சோதனை
testify,சாட்சி
testimony,சாட்சியம்
testing,சோதனை
text,உரை
than,விட
thank,நன்றி
thanks,நன்றி
that,அந்த
the,தி
theater,திரையரங்கம்
their,அவர்களது
them,அவர்களுக்கு
theme,தீம்
themselves,தங்களை
then,பிறகு
theory,கோட்பாடு
therapy,சிகிச்சை
there,அங்கு
therefore,எனவே
these,இந்த
they,அவர்கள்
thick,தடித்த
thin,மெல்லிய
thing,விஷயம்
think,நினைக்கிறேன்
thinking,சிந்தனை
third,மூன்றாவது
thirty,முப்பது
this,இந்த
those,அந்த
though,என்றாலும்
thought,சிந்தனை
thousand,ஆயிரம்
threat,அச்சுறுத்தல்
threaten,அச்சுறுத்தும்
three,மூன்று
throat,தொண்டை
through,மூலம்
throughout,முழுவதும்
throw,வீசு
thus,இதனால்
ticket,டிக்கெட்
tie,கட்டு
tight,இறுக்கம்
time,நேரம்
tiny,சிறிய
tip,முனை
tire,சக்கரம்
tired,சோர்வாக
tissue,திசு
title,தலைப்பு
to,க்கு
tobacco,புகையிலை
today,இன்று
toe,கால்
together,ஒன்றாக
tomato,தக்காளி
tomorrow,நாளை
tone,தொனி
tongue,நாக்கு
tonight,இன்றிரவு
too,கூட
tool,கருவி
tooth,பல்
top,மேல்
topic,தலைப்பு
toss,டாஸில்
total,மொத்தம்
totally,முற்றிலும்
touch,தொடுதல்
tough,கடுமையான
tour,சுற்றுப்பயணம்
tourist,சுற்றுலா
tournament,போட்டியில்
toward,நோக்கி
towards,நோக்கி
tower,கோபுரம்
town,நகரம்
toy,பொம்மை
trace,சுவடு
track,கண்காணிக்க
trade,வர்த்தக
tradition,பாரம்பரியம்
traditional,பாரம்பரிய
traffic,போக்குவரத்து
tragedy,சோகம்
trail,பாதை
train,தொடர்வண்டி
training,பயிற்சி
transfer,பரிமாற்ற
transform,மாற்றும்
transformation,மாற்றம்
transition,மாற்றம்
translate,மொழிபெயர்
transportation,போக்குவரத்து
travel,பயணம்
treat,உபசரிப்பு
treatment,சிகிச்சை
treaty,ஒப்பந்தம்
tree,மரம்
tremendous,மிகப்பெரிய
trend,போக்கு
trial,விசாரணை
tribe,பழங்குடி
trick,தந்திரம்
trip,பயணம்
troop,படை
trouble,பிரச்சனையில்
truck,டிரக்
TRUE,உண்மை
truly,உண்மையிலேயே
trust,நம்பிக்கை
truth,உண்மை
try,முயற்சி
tube,குழாய்
tunnel,சுரங்கப்பாதை
turn,திரும்ப
TV,டிவி
twelve,பன்னிரண்டு
twenty,இருபது
twice,இருமுறை
twin,இரட்டை
two,இரண்டு
type,வகை
typical,வழக்கமான
typically,பொதுவாக
ugly,அசிங்கமான
ultimate,இறுதி
ultimately,இறுதியில்
unable,முடியவில்லை
uncle,மாமா
under,கீழ்
undergo,மேற்கொள்ளவும்
understand,புரிந்து
understanding,புரிதல்
unfortunately,எதிர்பாராதவிதமாக
uniform,சீருடை
union,தொழிற்சங்க
unique,தனித்துவமான
unit,அலகு
United,ஐக்கிய
universal,உலகளாவிய
universe,பிரபஞ்சம்
university,பல்கலைக்கழக
unknown,தெரியாத
unless,வரை
unlike,போலல்லாமல்
unlikely,சாத்தியம்
until,வரை
unusual,அசாதாரண
up,வரை
upon,மீது
upper,மேல்
urban,நகர்ப்புற
urge,உணர்ச்சியின்
us,எங்களுக்கு
use,பயன்படுத்த
used,பயன்படுத்தப்படும்
useful,பயனுள்ள
user,பயனர்
usual,வழக்கமான
usually,வழக்கமாக
utility,பயன்பாடு
vacation,விடுமுறைக்கு
valley,பள்ளத்தாக்கு
valuable,மதிப்புமிக்க
value,மதிப்பு
variable,மாறி
variation,மாறுபாடு
variety,பல்வேறு
various,பல்வேறு
vary,மாறுபடும்
vast,பரந்த
vegetable,காய்கறி
vehicle,வாகன
venture,துணிகர
version,பதிப்பு
versus,எதிராக
very,மிகவும்
vessel,கப்பல்
veteran,முதுபெரும்
via,வழியாக
victim,பாதிக்கப்பட்ட
victory,வெற்றி
video,வீடியோ
view,பார்வை
viewer,பார்வையாளர்
village,கிராமம்
violate,மீறும்
violation,மீறல்
violence,வன்முறை
violent,வன்முறை
virtually,கிட்டத்தட்ட
virtue,நல்லொழுக்கம்
virus,வைரஸ்
visible,புலப்படும்
vision,பார்வை
visit,விஜயம்
visitor,பார்வையாளர்
visual,காட்சி
vital,முக்கிய
voice,குரல்
volume,தொகுதி
volunteer,தன்னார்வ
vote,வாக்கு
voter,வாக்காளர்
vs,எதிராக
vulnerable,பாதிக்கப்படக்கூடிய
wage,ஊதிய
wait,காத்திரு
wake,அடுத்து
walk,நட
wall,சுவர்
wander,அலையவிடுவேன்
want,வேண்டும்
war,போர்
warm,சூடான
warn,எச்சரிக்க
warning,எச்சரிக்கை
wash,கழுவுதல்
waste,வீணடிக்க
watch,வாட்ச்
water,தண்ணீர்
wave,அலை
way,வழி
we,நாங்கள்
weak,பலவீனமான
wealth,செல்வம்
wealthy,பணக்கார
weapon,ஆயுதம்
wear,உடைகள்
weather,வானிலை
wedding,திருமண
week,வாரம்
weekend,வார
weekly,வாராந்திர
weigh,எடையை
weight,எடை
welcome,வரவேற்பு
welfare,பொதுநல
well,நன்கு
west,மேற்கு
western,மேற்கு
wet,ஈரமான
what,என்ன
whatever,எதுவாக
wheel,சக்கர
when,எப்பொழுது
whenever,போதெல்லாம்
where,எங்கே
whereas,அதேசமயம்
whether,என்பதை
which,எந்த
while,போது
whisper,இரகசியம் பேசு
white,வெள்ளை
who,who
whole,முழு
whom,யாரை
whose,யாருடைய
why,ஏன்
wide,பரந்த
widely,பரவலாக
widespread,பரவலாக
wife,மனைவி
wild,காட்டு
will,விருப்பம்
willing,தயாராக
win,வெற்றி
wind,காற்று
window,ஜன்னல்
wine,மது
wing,சாரி
winner,வெற்றி
winter,குளிர்காலத்தில்
wipe,துடைக்க
wire,கம்பி
wisdom,ஞானம்
wise,பாண்டித்தியம்
wish,விரும்பும்
with,உடன்
withdraw,திரும்ப
within,உள்ள
without,இல்லாமல்
witness,சாட்சி
woman,பெண்
wonder,அதிசயம்
wonderful,அற்புதமான
wood,மரம்
wooden,மர
word,சொல்
work,வேலை
worker,தொழிலாளி
working,தொழிலாளர்
works,படைப்புகள்
workshop,பணிமனை
world,உலகம்
worried,கவலை
worry,கவலை
worth,மதிப்பு
would,வேண்டுமே
wound,காயம்
wrap,மடக்கு
write,எழுத
writer,எழுத்தாளர்
writing,எழுத்து
wrong,தவறு
yard,முற்றத்தில்
yeah,ஆம்
year,ஆண்டு
yell,கத்து
yellow,மஞ்சள்
yes,ஆம்
yesterday,நேற்று
yet,இன்னும்
yield,மகசூல்
you,நீங்கள்
young,இளம்
your,உங்கள்
yours,உன்னுடையது
yourself,உங்களை
youth,இளைஞர்கள்
zone,மண்டலம்
Collateral damage,இணை சேதம்
Supposedly,கூறப்படும்
Purposefully,வேண்டுமென்றே
Dilemma,தடுமாற்றமும்
Skeptical,சந்தேகம்
Contemplating,சிந்தனை
termitarium,கறையான் புற்று
dwarfism,குள்ளத்தன்மை
English,ஆங்கிலம்
part,பகுதியாக
history,வரலாறு
search,தேட
only,மட்டுமே
police,காவல்
thought,சிந்தனை
help,உதவி
request,கோரிக்கை
kind,கருணை
month,மாதம்
brother,சகோதரன்
let,நாம்
because,ஏனெனில்
to put,வைக்க
no,இல்லை
leash,தோல்வார்
them,அவர்களுக்கு
city,நகரம்
each,ஒவ்வொரு
speak,பேசு
come,வந்து
should,வேண்டுமா
baby,குழந்தை
long time,நீண்ட நேரம்
hours,மணி
will,விருப்பம்
while,போது
meet again,சந்திக்க மீண்டும்
any,எந்த
square,சதுர
speak,பேசு
understood,புரிந்து
knew,தெரியும்
were,இருந்தன
Warning,எச்சரிக்கை
here is,இங்கே உள்ளது
could,முடிந்த
case,வழக்கு
give,கொடுக்க
type,வகை
their,அவர்களது
given,கொடுக்கப்பட்ட
train,தொடர்வண்டி
body,உடல்
place,இடத்தில்
eyes,கண்கள்
way,வழி
listen,கேட்க
whose,யாருடைய
find,கண்டுபிடிக்க
first,முதல்
lost,இழந்தது
hand,கை
first,முதல்
side,பக்க
power,சக்தி
old,பழைய
be,இரு
here,இங்கே
morning,காலை
so much,மிகவும்
child,குழந்தை
point,புள்ளி
came,வந்தது
after,பிறகு
sorry,மன்னிக்கவும்
come,வந்து
in front of,முன்
towards,நோக்கி
minutes,நிமிடங்கள்
request,கோரிக்கை
bedroom,படுக்கையறை
placed,வைக்கப்படும்
beautiful,அழகு
law,சட்டம்
would like to,விரும்புகிறேன்
today,இன்று
husband,கணவர்
cause,காரணம்
finally,இறுதியாக
hope,நம்பிக்கை
water,தண்ணீர்
Wait,காத்திரு
left,இடது
new,புதிய
job,வேலை
Stop,நிறுத்து
would say,கூறுவேன்
Earth,பூமியின்
account,கணக்கு
given,கொடுக்கப்பட்ட
far,இதுவரை
end,இறுதியில்
believe,நம்பிக்கை
sweetheart,காதலி
large,பெரிய
rather,மாறாக
will have,வேண்டும்
girls,பெண்கள்
to play,விளையாட
office,அலுவலகம்